id,first_name,last_name,email,gender,ip_address
1,Candi,Riba,criba0@ehow.com,Female,112.69.152.89
2,Goldina,De Lacey,gdelacey1@bandcamp.com,Female,177.83.94.7
3,Mikey,Bompas,mbompas2@indiegogo.com,Male,105.213.21.155
4,Byram,Mace,bmace3@youku.com,Male,203.30.123.184
5,Helen,Nerval,hnerval4@yandex.ru,Female,12.124.90.187
6,Darrell,Dresche,ddresche5@smugmug.com,Male,167.182.175.76
7,Sherilyn,Symcox,ssymcox6@ucsd.edu,Female,77.112.100.207
8,Sib,Kerrod,skerrod7@google.co.uk,Female,168.18.115.114
9,Elsbeth,Lochead,elochead8@imageshack.us,Female,209.18.54.153
10,Zabrina,Jeannon,zjeannon9@imgur.com,Female,141.173.21.90
11,Toni,Dell Casa,tdellcasaa@wufoo.com,Female,66.156.203.117
12,Myca,Mc Trusty,mmctrustyb@salon.com,Male,104.81.107.105
13,Brion,Loughlin,bloughlinc@hp.com,Male,236.191.226.163
14,Dalila,Jencey,djenceyd@webmd.com,Female,186.240.178.69
15,Alicia,Curds,acurdse@woothemes.com,Female,3.139.160.38
16,Jeniece,Gwatkins,jgwatkinsf@google.ru,Female,61.226.40.157
17,Sallyann,Pail,spailg@wunderground.com,Female,251.102.90.178
18,Florie,Halshaw,fhalshawh@bloomberg.com,Female,208.158.71.108
19,Ruperto,Bromwich,rbromwichi@networksolutions.com,Male,78.180.24.201
20,Nichol,Waples,nwaplesj@reuters.com,Female,40.26.172.103
21,Vernor,Jobey,vjobeyk@hugedomains.com,Male,112.220.235.81
22,Manfred,Corbert,mcorbertl@homestead.com,Male,250.24.116.234
23,Ula,Jallin,ujallinm@g.co,Female,139.191.158.96
24,Sherline,Gyngyll,sgyngylln@reference.com,Female,0.163.212.253
25,Myra,Cowderoy,mcowderoyo@quantcast.com,Female,218.79.222.134
26,Emlyn,Wyche,ewychep@csmonitor.com,Female,241.51.44.31
27,Zared,Gouldbourn,zgouldbournq@purevolume.com,Male,59.31.131.206
28,Caressa,Alliston,callistonr@disqus.com,Female,220.154.85.94
29,Chadwick,Arnison,carnisons@economist.com,Male,122.128.184.141
30,Darius,Gosalvez,dgosalvezt@posterous.com,Male,15.76.192.105
31,Sydney,Ganiclef,sganiclefu@youtube.com,Male,136.246.60.242
32,Marguerite,Denver,mdenverv@youku.com,Female,205.156.79.3
33,Darcie,Gentiry,dgentiryw@linkedin.com,Female,211.150.138.173
34,Tymon,Barras,tbarrasx@skyrock.com,Male,192.242.219.196
35,Adolph,Grahame,agrahamey@unc.edu,Male,218.204.101.230
36,Payton,Bidgood,pbidgoodz@tripadvisor.com,Male,175.237.100.31
37,Berky,Blinman,bblinman10@drupal.org,Male,25.124.44.231
38,Thaxter,Gringley,tgringley11@123-reg.co.uk,Male,145.54.63.222
39,Jessey,Extence,jextence12@nyu.edu,Male,117.54.203.40
40,Diann,Kreuzer,dkreuzer13@examiner.com,Female,154.80.20.186
41,Doralynn,Tosdevin,dtosdevin14@vistaprint.com,Female,151.37.178.108
42,Martin,Czajkowska,mczajkowska15@cisco.com,Male,237.159.136.51
43,Hardy,De Miranda,hdemiranda16@nba.com,Male,24.40.112.229
44,Nancey,Snepp,nsnepp17@imageshack.us,Female,41.228.158.144
45,Meriel,Wressell,mwressell18@cnbc.com,Female,47.196.66.215
46,Gusta,Hindes,ghindes19@twitpic.com,Female,194.30.1.152
47,Haleigh,Bugdall,hbugdall1a@godaddy.com,Male,196.40.181.142
48,Truman,Heasley,theasley1b@lulu.com,Male,235.50.96.57
49,Laurette,Glandon,lglandon1c@shop-pro.jp,Female,144.37.3.8
50,Eli,Shannon,eshannon1d@intel.com,Male,21.236.245.32
51,Lorelei,Kebell,lkebell1e@unicef.org,Female,43.15.85.184
52,Melessa,Delap,mdelap1f@salon.com,Female,235.25.147.69
53,Karleen,Patient,kpatient1g@twitter.com,Female,61.162.64.183
54,Shena,Truluck,struluck1h@admin.ch,Female,120.101.134.225
55,Giffie,Eads,geads1i@zdnet.com,Male,134.147.190.201
56,Michael,Desvignes,mdesvignes1j@japanpost.jp,Male,191.66.240.239
57,Benedetto,Lisle,blisle1k@reuters.com,Male,105.94.242.221
58,Javier,Danelut,jdanelut1l@xing.com,Male,240.73.250.64
59,Millard,Luttgert,mluttgert1m@friendfeed.com,Male,133.166.118.71
60,Alice,Paylie,apaylie1n@netlog.com,Female,216.103.26.47
61,Orran,Hassett,ohassett1o@scribd.com,Male,187.107.76.134
62,Nicolis,Brownlie,nbrownlie1p@youku.com,Male,242.239.153.63
63,Pepito,Janssen,pjanssen1q@cdbaby.com,Male,137.113.150.54
64,Niels,Passion,npassion1r@homestead.com,Male,77.66.88.16
65,Fawnia,Rootham,frootham1s@biblegateway.com,Female,162.7.112.165
66,Peyter,McLoughlin,pmcloughlin1t@bbb.org,Male,135.209.230.91
67,Kacy,Hammond,khammond1u@live.com,Female,190.102.159.161
68,Thea,Catterick,tcatterick1v@360.cn,Female,92.35.252.103
69,Yurik,Langtree,ylangtree1w@printfriendly.com,Male,217.3.123.87
70,Keely,Durrant,kdurrant1x@so-net.ne.jp,Female,143.172.95.159
71,Sinclare,Gritsunov,sgritsunov1y@chicagotribune.com,Male,57.233.226.207
72,Rusty,Worsfield,rworsfield1z@bluehost.com,Male,190.171.172.92
73,Dru,Binns,dbinns20@eventbrite.com,Female,114.87.66.230
74,Dalis,Paschke,dpaschke21@blogtalkradio.com,Male,59.76.79.131
75,Lyda,Canellas,lcanellas22@unesco.org,Female,52.195.215.43
76,Phip,Winterscale,pwinterscale23@flickr.com,Male,239.59.197.119
77,Garvey,Daile,gdaile24@de.vu,Male,246.192.217.66
78,Xena,Lockery,xlockery25@multiply.com,Female,57.235.9.31
79,Bradney,Hambridge,bhambridge26@twitpic.com,Male,220.127.198.226
80,Daile,Magne,dmagne27@bigcartel.com,Female,214.238.254.45
81,Kory,Balleine,kballeine28@dion.ne.jp,Male,46.198.87.136
82,Coleman,Adanet,cadanet29@forbes.com,Male,49.162.230.50
83,Louisette,Cottisford,lcottisford2a@fda.gov,Female,73.101.134.205
84,Erny,Kingman,ekingman2b@theguardian.com,Male,64.9.27.32
85,Noby,Valentelli,nvalentelli2c@fotki.com,Male,80.229.193.204
86,Bink,Le Sarr,blesarr2d@pen.io,Male,203.163.44.101
87,Cori,Elfe,celfe2e@networkadvertising.org,Male,54.36.85.1
88,Welch,Caig,wcaig2f@comcast.net,Male,91.13.71.146
89,Elenore,Coslitt,ecoslitt2g@ed.gov,Female,21.39.239.93
90,Brynne,Waggatt,bwaggatt2h@nps.gov,Female,89.59.23.216
91,Sloane,Insole,sinsole2i@gizmodo.com,Male,111.60.56.105
92,Annetta,Willison,awillison2j@un.org,Female,86.186.27.11
93,Georgianne,Donativo,gdonativo2k@flavors.me,Female,144.49.246.59
94,Agata,Ivshin,aivshin2l@samsung.com,Female,64.122.81.134
95,Rivalee,Killimister,rkillimister2m@ucla.edu,Female,250.16.199.195
96,Abram,Sudell,asudell2n@census.gov,Male,62.73.205.19
97,Son,Philippart,sphilippart2o@topsy.com,Male,132.102.187.101
98,Starlin,Bottinelli,sbottinelli2p@nymag.com,Female,3.55.83.49
99,Meghann,Daouze,mdaouze2q@nytimes.com,Female,60.39.171.46
100,Cesare,Dutson,cdutson2r@princeton.edu,Male,98.102.141.56
101,Kenon,Nicely,knicely2s@wikispaces.com,Male,199.28.221.19
102,Mattie,Durrand,mdurrand2t@cornell.edu,Male,155.78.74.67
103,Elayne,Maleby,emaleby2u@google.com.hk,Female,47.249.176.91
104,Sharity,Philipet,sphilipet2v@howstuffworks.com,Female,164.10.242.40
105,Jeromy,Gratrix,jgratrix2w@cam.ac.uk,Male,125.143.67.197
106,Romy,McClymont,rmcclymont2x@about.com,Female,137.189.246.105
107,Greggory,Humberstone,ghumberstone2y@blogs.com,Male,30.53.28.248
108,Dud,Broadberrie,dbroadberrie2z@twitter.com,Male,201.93.25.175
109,Irvin,Assiter,iassiter30@unc.edu,Male,180.166.79.75
110,Morganica,Hinsche,mhinsche31@canalblog.com,Female,93.199.59.157
111,Dov,Rawlings,drawlings32@google.nl,Male,100.247.86.122
112,Darb,Durbin,ddurbin33@google.fr,Female,233.249.152.79
113,Geoff,Bollon,gbollon34@cbsnews.com,Male,128.97.60.171
114,Phaedra,De la Yglesia,pdelayglesia35@netscape.com,Female,248.244.61.152
115,Isabelita,Villa,ivilla36@csmonitor.com,Female,55.90.51.187
116,Dyanne,Reader,dreader37@taobao.com,Female,87.85.201.12
117,Caro,Latty,clatty38@ucsd.edu,Female,17.94.62.245
118,Heather,Fockes,hfockes39@shutterfly.com,Female,21.251.148.255
119,Glynn,Wardrop,gwardrop3a@webs.com,Male,235.91.223.5
120,Marj,Littlejohn,mlittlejohn3b@elpais.com,Female,22.234.71.127
121,Ewan,Shay,eshay3c@about.me,Male,3.75.218.30
122,Reginauld,Giorgioni,rgiorgioni3d@smh.com.au,Male,238.230.164.107
123,Stern,Drinkel,sdrinkel3e@addthis.com,Male,134.249.238.188
124,Nev,Abramamov,nabramamov3f@so-net.ne.jp,Male,0.142.84.58
125,Keely,Cordon,kcordon3g@dedecms.com,Female,201.202.214.23
126,Jeddy,Christou,jchristou3h@theguardian.com,Male,183.51.144.155
127,Guglielmo,Kings,gkings3i@ucoz.ru,Male,27.214.81.206
128,Menard,Blackaby,mblackaby3j@seesaa.net,Male,140.118.175.177
129,Eugenia,Harses,eharses3k@surveymonkey.com,Female,46.35.229.165
130,Gil,Amber,gamber3l@foxnews.com,Male,237.169.5.182
131,Irwin,Munslow,imunslow3m@house.gov,Male,252.179.201.192
132,Tobey,Wiltsher,twiltsher3n@about.me,Female,36.134.232.113
133,Daven,Penvarne,dpenvarne3o@etsy.com,Male,164.188.25.40
134,Elset,Beatey,ebeatey3p@globo.com,Female,173.227.80.182
135,Gothart,Skoof,gskoof3q@tumblr.com,Male,7.254.65.94
136,Norbert,Illem,nillem3r@jalbum.net,Male,120.101.22.186
137,Nikola,Gear,ngear3s@eventbrite.com,Male,29.88.17.170
138,Lydie,Dumberrill,ldumberrill3t@quantcast.com,Female,212.202.210.232
139,Kirsten,Mayling,kmayling3u@indiatimes.com,Female,106.172.112.194
140,Frasco,Methingam,fmethingam3v@aboutads.info,Male,119.106.194.166
141,Lars,Binley,lbinley3w@pcworld.com,Male,84.39.27.114
142,Michelle,Waterstone,mwaterstone3x@netvibes.com,Female,90.184.34.147
143,Nehemiah,Iori,niori3y@arstechnica.com,Male,57.90.187.140
144,Wylie,Piscopiello,wpiscopiello3z@ifeng.com,Male,220.242.133.169
145,Marilyn,Graundisson,mgraundisson40@java.com,Female,238.49.92.240
146,Dianne,Shimon,dshimon41@icio.us,Female,73.192.88.2
147,Ketti,Sarrell,ksarrell42@canalblog.com,Female,53.99.38.199
148,Jess,Stamper,jstamper43@yellowbook.com,Female,89.2.253.224
149,Fey,Tayt,ftayt44@rakuten.co.jp,Female,145.66.135.0
150,Beniamino,Willingale,bwillingale45@sphinn.com,Male,78.239.75.139
151,Vikky,Huntingdon,vhuntingdon46@t-online.de,Female,156.106.44.34
152,Rik,Sleath,rsleath47@bloglovin.com,Male,158.48.53.57
153,Pandora,MacCawley,pmaccawley48@china.com.cn,Female,166.156.169.33
154,Lucias,Cable,lcable49@nyu.edu,Male,22.154.175.156
155,Enoch,Nijssen,enijssen4a@ft.com,Male,41.223.177.192
156,Starlin,Pelman,spelman4b@cargocollective.com,Female,98.17.163.207
157,Diarmid,Bulpitt,dbulpitt4c@blogs.com,Male,61.37.193.234
158,Diandra,Drohane,ddrohane4d@berkeley.edu,Female,9.186.33.50
159,Robers,O'Sirin,rosirin4e@e-recht24.de,Male,38.51.80.153
160,Heywood,Pendered,hpendered4f@jalbum.net,Male,63.9.201.112
161,Corinna,Arbuckel,carbuckel4g@kickstarter.com,Female,185.35.171.70
162,Merna,Clemits,mclemits4h@cnbc.com,Female,80.135.10.178
163,Rice,Elwel,relwel4i@biglobe.ne.jp,Male,97.211.253.126
164,Morganica,Yesipov,myesipov4j@miitbeian.gov.cn,Female,147.179.42.15
165,Mirabelle,Buckthorp,mbuckthorp4k@flickr.com,Female,76.253.96.22
166,Ileane,FitzGibbon,ifitzgibbon4l@biglobe.ne.jp,Female,21.147.57.181
167,Mildrid,Sellars,msellars4m@linkedin.com,Female,7.161.238.28
168,Andie,Knox,aknox4n@state.tx.us,Female,11.142.238.18
169,Kelly,Walles,kwalles4o@jugem.jp,Female,24.163.121.85
170,Gusti,Crichmere,gcrichmere4p@comcast.net,Female,156.240.125.152
171,Israel,Hyde,ihyde4q@arizona.edu,Male,197.78.203.194
172,Carly,Sarah,csarah4r@sciencedirect.com,Male,28.155.197.0
173,Madella,Klagges,mklagges4s@va.gov,Female,75.218.51.137
174,Neall,Hewertson,nhewertson4t@gnu.org,Male,82.52.63.94
175,Hedvige,Carass,hcarass4u@reddit.com,Female,165.28.156.124
176,Marcelia,Bridgeman,mbridgeman4v@desdev.cn,Female,193.110.170.157
177,Gwenette,Allinson,gallinson4w@cloudflare.com,Female,249.132.253.44
178,Shaw,Klaiser,sklaiser4x@github.io,Male,245.158.9.202
179,Alvis,Leipnik,aleipnik4y@newsvine.com,Male,60.231.210.216
180,Chrotoem,Bletcher,cbletcher4z@nationalgeographic.com,Male,185.225.19.39
181,Ruperto,Gutherson,rgutherson50@stumbleupon.com,Male,24.130.118.175
182,Kirsteni,Hindmoor,khindmoor51@phoca.cz,Female,203.234.127.211
183,Merrile,Ulyat,mulyat52@ox.ac.uk,Female,160.169.34.200
184,Marianna,Tenwick,mtenwick53@topsy.com,Female,241.24.23.221
185,Chrisse,Crummy,ccrummy54@usda.gov,Male,86.129.80.43
186,Raphaela,Astles,rastles55@usgs.gov,Female,186.254.245.118
187,Warner,De Ambrosi,wdeambrosi56@reverbnation.com,Male,244.18.76.120
188,Jacques,Burgyn,jburgyn57@nationalgeographic.com,Male,143.255.121.153
189,Jourdain,Bruckenthal,jbruckenthal58@51.la,Male,119.206.117.160
190,Alexandre,Hoggan,ahoggan59@trellian.com,Male,66.199.111.8
191,Allina,Sargison,asargison5a@mail.ru,Female,145.74.226.58
192,Nickie,Sandal,nsandal5b@cargocollective.com,Female,35.207.49.56
193,Cassie,Skeen,cskeen5c@samsung.com,Female,249.52.34.175
194,Bunny,Kellet,bkellet5d@bing.com,Female,105.238.197.171
195,Morton,Deason,mdeason5e@forbes.com,Male,226.86.70.244
196,Carlyn,Girault,cgirault5f@github.com,Female,175.216.27.161
197,Clarey,Dedmam,cdedmam5g@taobao.com,Female,82.86.193.171
198,Durand,Southway,dsouthway5h@ucoz.ru,Male,114.133.177.156
199,Duky,Warne,dwarne5i@psu.edu,Male,9.185.101.130
200,Robin,Belcher,rbelcher5j@purevolume.com,Male,190.69.151.4
201,Gwendolyn,Freshwater,gfreshwater5k@bloglines.com,Female,37.122.95.125
202,Hattie,Heifer,hheifer5l@ftc.gov,Female,226.0.103.4
203,Tamqrah,Lundberg,tlundberg5m@arizona.edu,Female,146.66.225.156
204,Cullie,Delgardillo,cdelgardillo5n@zimbio.com,Male,178.19.28.22
205,Sonnnie,Wick,swick5o@google.fr,Female,254.112.147.115
206,Stanislaus,Drillot,sdrillot5p@archive.org,Male,249.69.146.182
207,Modestine,Seeney,mseeney5q@shareasale.com,Female,2.233.39.204
208,Nani,Nutkin,nnutkin5r@goo.ne.jp,Female,133.64.112.78
209,Constantine,Jenik,cjenik5s@mozilla.org,Male,173.151.200.96
210,Shanta,Bartlett,sbartlett5t@reverbnation.com,Female,245.155.162.66
211,Christoforo,Longhorne,clonghorne5u@hao123.com,Male,220.208.71.229
212,Gale,Daubney,gdaubney5v@microsoft.com,Female,24.11.203.45
213,Barclay,Pitblado,bpitblado5w@chron.com,Male,103.173.107.253
214,Thorsten,Cestard,tcestard5x@toplist.cz,Male,145.219.66.32
215,Gussie,Bickley,gbickley5y@weather.com,Female,126.174.215.35
216,Mano,Cranfield,mcranfield5z@wix.com,Male,193.65.252.194
217,Ernst,Tear,etear60@ed.gov,Male,125.66.2.69
218,Curcio,Tutchener,ctutchener61@flickr.com,Male,244.157.193.185
219,Vachel,Lohden,vlohden62@china.com.cn,Male,49.25.99.95
220,Peter,Wallbridge,pwallbridge63@reference.com,Male,54.147.113.206
221,Odelle,McKilroe,omckilroe64@dyndns.org,Female,17.88.32.199
222,Jerry,Shee,jshee65@cam.ac.uk,Female,57.16.97.212
223,Augustina,Beal,abeal66@japanpost.jp,Female,69.111.221.138
224,Bria,Jubb,bjubb67@163.com,Female,199.192.93.235
225,Cthrine,Walisiak,cwalisiak68@dell.com,Female,2.134.122.98
226,Eddie,Honeyghan,ehoneyghan69@cargocollective.com,Male,4.33.162.2
227,Massimiliano,McLese,mmclese6a@privacy.gov.au,Male,155.208.150.61
228,Borden,Hawford,bhawford6b@microsoft.com,Male,188.240.56.4
229,Blane,Demcik,bdemcik6c@google.cn,Male,230.25.204.140
230,Scott,Circuit,scircuit6d@pagesperso-orange.fr,Male,74.14.156.47
231,Ronnie,Shepard,rshepard6e@disqus.com,Male,172.163.232.196
232,Brien,Shapcote,bshapcote6f@ifeng.com,Male,38.55.79.11
233,Tome,MacCahey,tmaccahey6g@ehow.com,Male,115.63.32.28
234,Dasha,Doyley,ddoyley6h@wp.com,Female,22.91.107.173
235,Bancroft,Bernhardt,bbernhardt6i@behance.net,Male,7.209.73.241
236,Vernor,Radclyffe,vradclyffe6j@opensource.org,Male,119.50.120.100
237,Amandy,Gierek,agierek6k@etsy.com,Female,68.10.226.226
238,Averyl,Searston,asearston6l@aol.com,Female,71.167.120.210
239,Annelise,Ronchi,aronchi6m@dailymotion.com,Female,253.130.182.83
240,Martynne,Juan,mjuan6n@japanpost.jp,Female,167.54.207.190
241,Lenci,Cappel,lcappel6o@hibu.com,Male,181.109.241.190
242,Bonnie,Dever,bdever6p@google.ru,Female,243.10.11.137
243,Ailee,Bragger,abragger6q@php.net,Female,18.109.191.44
244,Fidela,Burgen,fburgen6r@accuweather.com,Female,139.56.189.75
245,Amii,Antill,aantill6s@mit.edu,Female,173.175.107.194
246,Montgomery,Brookson,mbrookson6t@tumblr.com,Male,221.123.137.199
247,Lovell,Van Salzberger,lvansalzberger6u@wikimedia.org,Male,103.1.7.80
248,Artemas,Glasser,aglasser6v@stumbleupon.com,Male,61.144.139.95
249,Issie,Saltsberger,isaltsberger6w@about.me,Female,176.130.148.148
250,Wynne,Frensch,wfrensch6x@gmpg.org,Female,113.233.177.41
251,Lyndsey,Arthan,larthan6y@ezinearticles.com,Female,139.75.35.39
252,Biddie,Nockolds,bnockolds6z@unesco.org,Female,4.30.206.123
253,Elvina,Malham,emalham70@soundcloud.com,Female,240.5.17.145
254,Alard,Pickhaver,apickhaver71@github.com,Male,221.0.149.127
255,Ogden,Fearneley,ofearneley72@posterous.com,Male,226.84.170.27
256,Uriel,Pick,upick73@reference.com,Male,34.212.47.194
257,Eleonore,Rabjohns,erabjohns74@tripadvisor.com,Female,205.191.233.248
258,Amelie,Quirke,aquirke75@psu.edu,Female,47.77.97.94
259,Guinevere,Paddefield,gpaddefield76@wisc.edu,Female,78.66.97.27
260,Evin,Moxstead,emoxstead77@blinklist.com,Male,132.57.203.84
261,Flinn,Brabham,fbrabham78@toplist.cz,Male,151.41.173.115
262,Dillie,Olkowicz,dolkowicz79@apple.com,Male,101.93.240.209
263,Beatrix,Driver,bdriver7a@g.co,Female,30.158.166.239
264,Trent,Wipper,twipper7b@spiegel.de,Male,11.203.141.228
265,Aliza,McGaugey,amcgaugey7c@time.com,Female,163.204.187.144
266,Annetta,Cescon,acescon7d@ameblo.jp,Female,67.5.3.228
267,Phip,Arter,parter7e@de.vu,Male,68.175.218.168
268,Corby,Standidge,cstandidge7f@nhs.uk,Male,186.154.225.93
269,Carlee,Arrandale,carrandale7g@craigslist.org,Female,9.243.173.228
270,Darrel,Mollin,dmollin7h@hp.com,Male,234.134.182.122
271,Koo,Acome,kacome7i@elpais.com,Female,39.157.91.193
272,Prescott,Franzini,pfranzini7j@cargocollective.com,Male,4.186.244.202
273,Roderic,Seawell,rseawell7k@yolasite.com,Male,222.159.106.74
274,Gwenette,Haire,ghaire7l@ucsd.edu,Female,62.135.203.60
275,Feliks,Gourley,fgourley7m@lulu.com,Male,0.200.60.111
276,Kaiser,Yurin,kyurin7n@berkeley.edu,Male,226.159.216.20
277,Tanitansy,Sinclar,tsinclar7o@google.ca,Female,55.53.39.248
278,Carlina,Frossell,cfrossell7p@i2i.jp,Female,158.158.54.66
279,Caprice,Allabush,callabush7q@webs.com,Female,179.95.109.24
280,Abra,Wishart,awishart7r@shinystat.com,Female,38.78.64.244
281,Gerda,McKnish,gmcknish7s@symantec.com,Female,12.217.80.18
282,Clary,Storer,cstorer7t@yandex.ru,Female,255.211.212.66
283,Melly,Dregan,mdregan7u@sourceforge.net,Female,87.191.136.75
284,Stefania,Mallock,smallock7v@buzzfeed.com,Female,25.48.228.72
285,Tandy,Cowope,tcowope7w@vk.com,Female,251.211.233.84
286,Bria,Goudie,bgoudie7x@hexun.com,Female,191.48.29.44
287,Glennis,Cradoc,gcradoc7y@princeton.edu,Female,200.253.196.192
288,Piotr,Bohler,pbohler7z@umich.edu,Male,187.53.163.214
289,Hy,Prettejohns,hprettejohns80@businesswire.com,Male,44.10.104.193
290,Maddalena,Tebb,mtebb81@studiopress.com,Female,49.51.80.194
291,Stevy,Bastide,sbastide82@ted.com,Male,10.241.128.154
292,Corrie,Bucktharp,cbucktharp83@pinterest.com,Female,107.86.200.107
293,Justin,Mawman,jmawman84@elegantthemes.com,Male,253.215.116.201
294,Wandis,Francescozzi,wfrancescozzi85@guardian.co.uk,Female,149.202.220.4
295,Lannie,Bamell,lbamell86@ucla.edu,Male,166.90.125.155
296,Sterling,Madill,smadill87@constantcontact.com,Male,58.160.232.254
297,Marika,Behrendsen,mbehrendsen88@theatlantic.com,Female,150.78.240.44
298,Orazio,Arnaldo,oarnaldo89@wired.com,Male,88.247.207.87
299,Jaquith,Millin,jmillin8a@myspace.com,Female,201.97.200.253
300,Molli,Ilewicz,milewicz8b@over-blog.com,Female,38.254.16.227
301,Alvan,Aubury,aaubury8c@msu.edu,Male,212.124.146.156
302,Merrielle,Volks,mvolks8d@cafepress.com,Female,234.112.85.117
303,Sandra,Treace,streace8e@yale.edu,Female,69.112.108.96
304,Kris,Merwede,kmerwede8f@google.com.br,Male,93.175.230.67
305,Rodolfo,Whitlam,rwhitlam8g@unc.edu,Male,228.0.240.178
306,Wendell,Tippler,wtippler8h@mediafire.com,Male,169.154.244.96
307,Alva,Briggdale,abriggdale8i@theguardian.com,Male,131.22.246.252
308,Garrett,Rediers,grediers8j@github.io,Male,84.196.40.37
309,Edsel,Bladon,ebladon8k@va.gov,Male,21.110.29.222
310,Bobbette,Heiss,bheiss8l@networkadvertising.org,Female,102.68.215.38
311,Butch,Tynewell,btynewell8m@mail.ru,Male,227.233.254.66
312,Chrissy,Dray,cdray8n@stumbleupon.com,Male,6.129.141.63
313,Emmi,Jeacop,ejeacop8o@lulu.com,Female,137.18.186.51
314,Lodovico,Kingzet,lkingzet8p@netlog.com,Male,120.235.146.208
315,Trudi,Cubbon,tcubbon8q@tripod.com,Female,186.68.39.59
316,Octavius,Shieber,oshieber8r@mayoclinic.com,Male,179.204.222.57
317,Rosabella,Ackerman,rackerman8s@cmu.edu,Female,45.15.182.46
318,Hubert,Conyard,hconyard8t@ibm.com,Male,179.116.185.147
319,Dominica,Charrett,dcharrett8u@dropbox.com,Female,63.13.101.93
320,Shanie,Proudman,sproudman8v@howstuffworks.com,Female,13.98.119.247
321,Lorenzo,Ricard,lricard8w@imageshack.us,Male,174.8.35.101
322,Connie,Nurcombe,cnurcombe8x@columbia.edu,Male,184.241.108.190
323,Burg,Buddell,bbuddell8y@google.cn,Male,244.210.187.254
324,Sonnie,Jennaroy,sjennaroy8z@webs.com,Female,155.159.124.151
325,Ardelle,Phonix,aphonix90@163.com,Female,58.207.206.161
326,Gussie,Cridlan,gcridlan91@ucoz.ru,Female,101.97.92.62
327,Upton,Meeron,umeeron92@weather.com,Male,251.136.14.88
328,Thorstein,Bentson,tbentson93@purevolume.com,Male,169.204.140.246
329,Dorine,Reglar,dreglar94@ucla.edu,Female,159.136.42.107
330,Clarice,Hellin,chellin95@networkadvertising.org,Female,143.52.237.236
331,Courtney,MacCostye,cmaccostye96@shinystat.com,Female,4.220.198.20
332,Rosanne,Coldbathe,rcoldbathe97@odnoklassniki.ru,Female,134.103.134.176
333,Hector,Bascombe,hbascombe98@mit.edu,Male,51.168.167.225
334,Lenora,Rodolico,lrodolico99@slate.com,Female,7.10.215.87
335,Lyndell,Gerger,lgerger9a@hc360.com,Female,127.43.200.153
336,Rolland,Carvill,rcarvill9b@illinois.edu,Male,195.202.36.113
337,Rachel,Tite,rtite9c@t.co,Female,68.86.213.48
338,Larry,Piser,lpiser9d@walmart.com,Male,89.232.52.74
339,George,Mohamed,gmohamed9e@ox.ac.uk,Female,207.39.24.246
340,Cordie,Spittall,cspittall9f@comsenz.com,Male,95.9.242.123
341,Rahel,Hugnin,rhugnin9g@rediff.com,Female,226.171.244.78
342,Ruthie,Verni,rverni9h@cmu.edu,Female,152.50.183.104
343,Earvin,Doppler,edoppler9i@cnbc.com,Male,180.24.63.214
344,Annabelle,Paske,apaske9j@is.gd,Female,86.72.52.156
345,Adlai,Barkhouse,abarkhouse9k@1688.com,Male,92.57.85.39
346,Carma,Piccard,cpiccard9l@amazon.de,Female,58.253.206.219
347,Riane,Overel,roverel9m@quantcast.com,Female,168.29.14.161
348,Andre,Soanes,asoanes9n@dot.gov,Male,69.236.140.55
349,Tawsha,Witchalls,twitchalls9o@storify.com,Female,225.239.84.184
350,Florence,Colrein,fcolrein9p@exblog.jp,Female,91.149.196.30
351,Farrand,Scneider,fscneider9q@omniture.com,Female,235.54.21.110
352,Juliane,Rosendorf,jrosendorf9r@intel.com,Female,53.31.193.103
353,Miller,Bamforth,mbamforth9s@flickr.com,Male,227.53.86.165
354,Cyndy,Gatward,cgatward9t@irs.gov,Female,209.9.240.49
355,Maisey,Rounsefull,mrounsefull9u@clickbank.net,Female,58.210.25.109
356,Regan,Marquet,rmarquet9v@prlog.org,Female,233.145.19.164
357,Brady,McGucken,bmcgucken9w@cdc.gov,Male,166.231.22.30
358,Thor,Melley,tmelley9x@nps.gov,Male,28.86.241.99
359,Clo,Elderidge,celderidge9y@creativecommons.org,Female,227.255.99.231
360,Fleur,Maplesden,fmaplesden9z@sakura.ne.jp,Female,116.80.144.218
361,Faunie,Drillingcourt,fdrillingcourta0@nih.gov,Female,212.151.223.184
362,Gunther,Monk,gmonka1@princeton.edu,Male,220.99.22.152
363,Bartel,Rising,brisinga2@army.mil,Male,218.49.148.138
364,Ash,Titmuss,atitmussa3@mail.ru,Male,252.59.193.106
365,Jacquie,Sparsholt,jsparsholta4@cnn.com,Female,227.246.67.218
366,Gelya,Filby,gfilbya5@diigo.com,Female,63.64.18.249
367,Vick,Roddam,vroddama6@ehow.com,Male,23.0.104.188
368,Alvan,Feltham,afelthama7@goo.gl,Male,111.227.1.12
369,Vevay,Miettinen,vmiettinena8@histats.com,Female,31.139.110.11
370,Brendon,Fresson,bfressona9@disqus.com,Male,89.103.71.208
371,Gunter,Haddow,ghaddowaa@wunderground.com,Male,49.84.42.64
372,Cristal,Trivett,ctrivettab@sourceforge.net,Female,63.112.227.101
373,Dory,Iddiens,diddiensac@google.es,Female,122.236.124.42
374,Alwin,Aldcorne,aaldcornead@plala.or.jp,Male,64.226.129.197
375,Rudyard,Barneveld,rbarneveldae@google.ru,Male,173.87.147.194
376,Goraud,Bachura,gbachuraaf@barnesandnoble.com,Male,17.180.96.115
377,Brent,Fetteplace,bfetteplaceag@japanpost.jp,Male,53.39.69.134
378,Ingra,Ferriday,iferridayah@earthlink.net,Male,220.109.67.211
379,Luelle,Dennington,ldenningtonai@mit.edu,Female,227.88.119.141
380,Michaela,McGookin,mmcgookinaj@simplemachines.org,Female,125.64.51.98
381,Barbi,Collister,bcollisterak@clickbank.net,Female,125.70.226.125
382,Rowland,Trenoweth,rtrenowethal@freewebs.com,Male,10.78.149.7
383,Ann,Oughtright,aoughtrightam@icio.us,Female,141.117.125.91
384,Margarethe,Drakes,mdrakesan@barnesandnoble.com,Female,234.109.149.183
385,Ulrick,Gisborne,ugisborneao@google.com.au,Male,38.54.26.244
386,Janenna,Bille,jbilleap@geocities.jp,Female,199.205.180.176
387,Sumner,Boreland,sborelandaq@discuz.net,Male,213.190.143.165
388,Saunder,Coulthurst,scoulthurstar@google.com,Male,64.85.240.119
389,Tressa,Hynson,thynsonas@bizjournals.com,Female,191.5.118.217
390,Tommy,Ropcke,tropckeat@posterous.com,Female,25.21.198.169
391,Delphinia,Perigoe,dperigoeau@live.com,Female,20.10.240.76
392,Madge,Loch,mlochav@over-blog.com,Female,187.195.188.77
393,Arnold,Macconachy,amacconachyaw@uol.com.br,Male,5.121.65.176
394,Gay,Ackerman,gackermanax@weibo.com,Female,180.102.9.54
395,Cairistiona,McBayne,cmcbayneay@vimeo.com,Female,158.75.71.142
396,Amitie,Gainor,againoraz@rambler.ru,Female,143.196.11.103
397,Liva,Syphus,lsyphusb0@gravatar.com,Female,0.210.52.44
398,Frazier,Gergely,fgergelyb1@blog.com,Male,76.168.48.215
399,Chanda,Otterwell,cotterwellb2@bravesites.com,Female,95.210.209.105
400,Ashby,Kelleway,akellewayb3@qq.com,Male,235.16.184.234
401,Jeri,Haensel,jhaenselb4@cdbaby.com,Female,44.88.228.242
402,Enriqueta,Batrip,ebatripb5@mail.ru,Female,213.89.250.38
403,Cate,Loghan,cloghanb6@utexas.edu,Female,66.82.118.183
404,Catharine,Vatcher,cvatcherb7@senate.gov,Female,7.121.102.109
405,Dalt,Genever,dgeneverb8@baidu.com,Male,200.240.69.35
406,Perl,Harcourt,pharcourtb9@qq.com,Female,216.191.136.88
407,Rodi,Rosenthal,rrosenthalba@gmpg.org,Female,212.141.231.214
408,Cicely,Blade,cbladebb@gmpg.org,Female,79.212.168.251
409,Perren,Olenin,poleninbc@newsvine.com,Male,25.87.153.48
410,Leroy,Oliveira,loliveirabd@ucoz.ru,Male,72.149.253.67
411,Rudyard,Sheppey,rsheppeybe@cbslocal.com,Male,45.170.97.162
412,Daryl,Olyet,dolyetbf@ow.ly,Male,189.70.80.163
413,Annemarie,Chasles,achaslesbg@deviantart.com,Female,105.8.156.120
414,Kaine,Wordley,kwordleybh@apache.org,Male,125.159.68.27
415,Perice,Cullon,pcullonbi@usnews.com,Male,54.162.38.118
416,Renate,Reolfo,rreolfobj@globo.com,Female,102.69.209.124
417,Bria,Grattan,bgrattanbk@youtu.be,Female,132.149.36.18
418,Vance,Davidovic,vdavidovicbl@imdb.com,Male,175.141.163.247
419,Lona,Fincham,lfinchambm@examiner.com,Female,69.209.101.108
420,Ly,Gillmore,lgillmorebn@sohu.com,Male,11.3.13.203
421,Maible,Simmgen,msimmgenbo@google.fr,Female,211.133.20.112
422,Gardner,Sammons,gsammonsbp@walmart.com,Male,78.177.185.151
423,Cassaundra,Lorey,cloreybq@state.tx.us,Female,162.35.198.119
424,Avigdor,Roach,aroachbr@yahoo.com,Male,71.149.23.215
425,Selina,Sunock,ssunockbs@thetimes.co.uk,Female,118.168.230.13
426,Elisa,Rousell,erousellbt@symantec.com,Female,234.180.229.186
427,Moritz,Hegel,mhegelbu@nytimes.com,Male,170.33.83.187
428,Gregg,Dollard,gdollardbv@alibaba.com,Male,111.170.101.99
429,Netti,Trustrie,ntrustriebw@nationalgeographic.com,Female,118.212.102.23
430,Madelon,Panther,mpantherbx@1688.com,Female,214.45.239.222
431,Chandler,Gerrie,cgerrieby@cargocollective.com,Male,211.99.104.214
432,Penni,Stockney,pstockneybz@bing.com,Female,136.249.189.230
433,Bevin,Riches,brichesc0@fema.gov,Male,22.196.26.93
434,Jean,Goskar,jgoskarc1@biglobe.ne.jp,Male,176.219.1.12
435,Zachery,Kochlin,zkochlinc2@economist.com,Male,121.253.96.226
436,Curtice,Sandells,csandellsc3@gov.uk,Male,132.182.158.113
437,Monro,McKeaney,mmckeaneyc4@printfriendly.com,Male,75.98.114.125
438,Porty,Breddy,pbreddyc5@yale.edu,Male,90.49.249.132
439,Ingmar,Pitrelli,ipitrellic6@va.gov,Male,247.163.108.101
440,Grata,Shakle,gshaklec7@joomla.org,Female,158.71.249.138
441,Alaine,Stamps,astampsc8@example.com,Female,43.53.52.105
442,Richmound,Vardey,rvardeyc9@moonfruit.com,Male,241.169.235.121
443,Constantine,Newvill,cnewvillca@senate.gov,Female,68.250.44.233
444,Yorke,Swafford,yswaffordcb@cnn.com,Male,108.94.126.198
445,Thorpe,Fleg,tflegcc@dropbox.com,Male,70.180.158.237
446,Peg,Simioli,psimiolicd@symantec.com,Female,134.215.87.173
447,Arlie,Bridges,abridgesce@slideshare.net,Female,182.44.98.90
448,Lauree,Buff,lbuffcf@mozilla.org,Female,242.125.25.64
449,Alfie,Dohmer,adohmercg@shop-pro.jp,Male,80.7.149.35
450,Dedra,Garretts,dgarrettsch@theatlantic.com,Female,204.169.90.109
451,Giffie,Dalgardno,gdalgardnoci@mozilla.com,Male,238.157.33.168
452,Eldredge,Pennetti,epennetticj@blinklist.com,Male,100.201.120.49
453,Albie,Ruprich,aruprichck@elegantthemes.com,Male,85.10.18.96
454,Sid,Jagielski,sjagielskicl@admin.ch,Male,139.79.218.197
455,Gratiana,Kerford,gkerfordcm@nbcnews.com,Female,157.158.233.235
456,Misty,Le Grand,mlegrandcn@thetimes.co.uk,Female,52.254.81.14
457,Marilyn,Caslin,mcaslinco@slashdot.org,Female,47.158.173.27
458,Colman,Martinson,cmartinsoncp@simplemachines.org,Male,223.14.53.51
459,Ursa,Gethyn,ugethyncq@tuttocitta.it,Female,202.210.30.146
460,Esma,Linger,elingercr@pen.io,Female,240.127.210.68
461,Lon,Arguile,larguilecs@sphinn.com,Male,53.28.40.136
462,Dina,Huddlestone,dhuddlestonect@indiegogo.com,Female,157.115.85.189
463,Peyton,Tennison,ptennisoncu@nytimes.com,Male,202.236.52.188
464,Gilles,Seville,gsevillecv@apple.com,Male,65.156.172.36
465,Claus,Rown,crowncw@homestead.com,Male,5.225.73.45
466,Reilly,Hendrich,rhendrichcx@histats.com,Male,240.178.65.29
467,Shelden,Cox,scoxcy@printfriendly.com,Male,230.64.10.95
468,Eden,McKerron,emckerroncz@cloudflare.com,Female,49.241.153.120
469,Willow,Schiell,wschielld0@europa.eu,Female,201.77.243.176
470,Anjanette,Simcoe,asimcoed1@bloglovin.com,Female,118.255.197.39
471,Anselm,Allix,aallixd2@parallels.com,Male,160.102.19.177
472,Camilla,Friskey,cfriskeyd3@oracle.com,Female,239.219.18.240
473,Aguste,Wolfendell,awolfendelld4@github.com,Male,183.2.209.159
474,Harris,Uwins,huwinsd5@fema.gov,Male,59.70.54.222
475,Dorie,Macconaghy,dmacconaghyd6@freewebs.com,Male,220.130.157.182
476,Netti,O'Geaney,nogeaneyd7@google.pl,Female,148.49.143.177
477,Harley,Labell,hlabelld8@nifty.com,Male,72.94.125.223
478,Carlin,Songhurst,csonghurstd9@home.pl,Female,9.67.156.1
479,Violante,Gapper,vgapperda@si.edu,Female,139.100.55.149
480,Anna,Nannini,ananninidb@buzzfeed.com,Female,151.186.90.101
481,Aluino,Mariet,amarietdc@microsoft.com,Male,75.148.8.252
482,April,Lambot,alambotdd@paypal.com,Female,58.209.92.234
483,Chariot,Just,cjustde@hibu.com,Male,203.48.129.96
484,Gerhardt,Went,gwentdf@deliciousdays.com,Male,143.19.169.94
485,Luke,Quelch,lquelchdg@engadget.com,Male,252.3.129.21
486,Bel,Lace,blacedh@nytimes.com,Female,101.164.192.71
487,Stepha,Frugier,sfrugierdi@baidu.com,Female,103.203.129.127
488,Dominik,Oxe,doxedj@ameblo.jp,Male,133.168.89.113
489,Vina,Izzat,vizzatdk@cargocollective.com,Female,10.40.185.215
490,Jennette,Wreiford,jwreiforddl@apple.com,Female,170.38.72.181
491,Jakie,Kupke,jkupkedm@webeden.co.uk,Male,18.9.199.169
492,Rollo,Dargavel,rdargaveldn@bloomberg.com,Male,82.70.223.133
493,Lottie,Wooder,lwooderdo@skype.com,Female,208.8.43.39
494,Elberta,Jirus,ejirusdp@berkeley.edu,Female,253.226.81.22
495,Westley,Rutty,wruttydq@reverbnation.com,Male,169.4.204.160
496,Mariska,Hutt,mhuttdr@ucsd.edu,Female,242.49.17.206
497,Caralie,Jarville,cjarvilleds@istockphoto.com,Female,193.248.201.87
498,Madison,Sadgrove,msadgrovedt@ca.gov,Male,220.146.244.207
499,Tallou,Keunemann,tkeunemanndu@odnoklassniki.ru,Female,197.24.119.112
500,Galen,Ambrus,gambrusdv@dion.ne.jp,Male,74.87.184.118
501,Burlie,Goldhawk,bgoldhawkdw@hp.com,Male,80.72.247.103
502,Meaghan,Kelemen,mkelemendx@blogspot.com,Female,146.213.89.201
503,Alec,Edrich,aedrichdy@ca.gov,Male,157.141.230.251
504,Winnie,Tampion,wtampiondz@squidoo.com,Male,105.192.187.11
505,Koressa,Nelthropp,knelthroppe0@amazonaws.com,Female,233.185.208.235
506,See,Ghelardoni,sghelardonie1@ca.gov,Male,82.227.158.111
507,Nealy,Margrie,nmargriee2@engadget.com,Male,251.56.142.14
508,Doralin,Hampton,dhamptone3@elpais.com,Female,88.26.0.142
509,Susie,Edgeson,sedgesone4@deliciousdays.com,Female,230.2.207.56
510,Field,Moyes,fmoyese5@indiatimes.com,Male,232.30.130.46
511,Joseph,Bulter,jbultere6@seattletimes.com,Male,145.100.233.83
512,Ali,Slucock,aslucocke7@prweb.com,Female,168.229.30.64
513,Demetris,Giroldo,dgiroldoe8@webs.com,Male,203.53.56.201
514,Huberto,Onslow,honslowe9@linkedin.com,Male,227.129.46.20
515,Yankee,Apps,yappsea@wikipedia.org,Male,134.38.87.22
516,Rodie,Gravenall,rgravenalleb@lycos.com,Female,28.33.118.147
517,Wylma,Grishaev,wgrishaevec@merriam-webster.com,Female,14.236.57.126
518,Brendan,Stucksbury,bstucksburyed@wiley.com,Male,64.47.35.20
519,Carmella,Enns,cennsee@lycos.com,Female,49.190.179.104
520,Gwenette,Mutter,gmutteref@booking.com,Female,84.181.161.151
521,Isidora,Tuison,ituisoneg@altervista.org,Female,39.209.213.197
522,Melina,Colebrook,mcolebrookeh@icio.us,Female,111.69.209.151
523,Elden,Grigorushkin,egrigorushkinei@nbcnews.com,Male,86.180.245.181
524,Ekaterina,Arnaudin,earnaudinej@hostgator.com,Female,43.166.2.32
525,Sheba,Tyrer,styrerek@tiny.cc,Female,208.170.190.96
526,Myrtle,Swaysland,mswayslandel@china.com.cn,Female,65.211.254.156
527,Alexis,Yitzhakof,ayitzhakofem@weibo.com,Female,185.99.205.224
528,Coleman,Meeny,cmeenyen@reddit.com,Male,151.100.127.205
529,Ted,Blakelock,tblakelockeo@java.com,Male,30.36.155.18
530,Willem,McTrustam,wmctrustamep@discovery.com,Male,29.193.149.33
531,Ivette,Girton,igirtoneq@google.it,Female,183.56.253.174
532,Sherill,De Micoli,sdemicolier@rakuten.co.jp,Female,65.58.71.177
533,Donia,Ferby,dferbyes@symantec.com,Female,35.82.112.117
534,Galvin,Weldrake,gweldrakeet@slate.com,Male,176.181.162.237
535,Roseanne,Andrey,randreyeu@hibu.com,Female,212.181.89.153
536,Dorella,Cunrado,dcunradoev@chronoengine.com,Female,218.52.1.210
537,Norry,Hogbin,nhogbinew@state.tx.us,Male,212.28.20.91
538,Launce,Stephens,lstephensex@wisc.edu,Male,116.43.28.133
539,Grannie,Halladey,ghalladeyey@seesaa.net,Male,198.189.114.124
540,Emalia,Althorpe,ealthorpeez@multiply.com,Female,201.91.44.203
541,Yankee,Scramage,yscramagef0@europa.eu,Male,170.194.34.171
542,Cully,Cothey,ccotheyf1@so-net.ne.jp,Male,230.121.189.216
543,Candy,Causier,ccausierf2@geocities.com,Female,14.1.24.245
544,Nicolas,Eliet,nelietf3@nba.com,Male,120.31.147.72
545,Boy,Tassaker,btassakerf4@alibaba.com,Male,179.236.168.139
546,Cristine,Andrini,candrinif5@shutterfly.com,Female,191.89.47.212
547,Shelagh,Tacker,stackerf6@livejournal.com,Female,49.50.120.222
548,Alex,McCrone,amccronef7@illinois.edu,Female,136.50.20.64
549,Yard,Worters,ywortersf8@csmonitor.com,Male,189.199.165.34
550,Beatriz,Alldred,balldredf9@xrea.com,Female,55.23.28.186
551,Corabelle,Emblin,cemblinfa@yahoo.co.jp,Female,188.181.49.141
552,Vita,Waudby,vwaudbyfb@zimbio.com,Female,206.46.150.218
553,Elias,Skippings,eskippingsfc@topsy.com,Male,63.46.199.174
554,Robin,Prator,rpratorfd@answers.com,Male,20.116.165.206
555,Charles,Cardinal,ccardinalfe@csmonitor.com,Male,19.27.14.98
556,Bryon,Betteriss,bbetterissff@t.co,Male,231.37.12.93
557,Hermine,Fluin,hfluinfg@webmd.com,Female,167.190.14.214
558,Bartlett,Piscopello,bpiscopellofh@stanford.edu,Male,6.152.97.214
559,Cesar,Peizer,cpeizerfi@wordpress.com,Male,130.189.220.162
560,Shellysheldon,Gavozzi,sgavozzifj@squidoo.com,Male,166.9.54.9
561,Eveline,Whapples,ewhapplesfk@blogs.com,Female,25.24.254.43
562,Irving,Ducham,iduchamfl@cornell.edu,Male,255.109.154.153
563,Adan,Goldthorp,agoldthorpfm@gnu.org,Male,63.93.73.89
564,Lyn,Dover,ldoverfn@amazonaws.com,Male,219.17.143.70
565,Barbabra,Da Costa,bdacostafo@wordpress.org,Female,78.56.14.26
566,Buddie,Ferronel,bferronelfp@wired.com,Male,246.241.203.94
567,Fonz,Swalteridge,fswalteridgefq@loc.gov,Male,250.69.128.155
568,Oswald,Gwin,ogwinfr@sciencedaily.com,Male,195.193.204.219
569,Tracey,Grishunin,tgrishuninfs@mapquest.com,Male,27.90.109.157
570,Gene,Hoodless,ghoodlessft@amazon.com,Female,166.101.150.255
571,Jamesy,Oxlee,joxleefu@archive.org,Male,205.241.179.68
572,Annabela,Twinn,atwinnfv@t.co,Female,67.214.29.97
573,Gideon,Gummer,ggummerfw@bloglines.com,Male,147.124.159.72
574,Adrian,Kinforth,akinforthfx@xing.com,Female,53.134.212.22
575,Karoly,Hardistry,khardistryfy@i2i.jp,Female,201.18.46.201
576,Selby,Lancashire,slancashirefz@hao123.com,Male,49.40.46.162
577,Guillema,Yurov,gyurovg0@netscape.com,Female,109.117.126.164
578,Karlis,Jouanet,kjouanetg1@shop-pro.jp,Male,70.3.154.142
579,Tobe,Joney,tjoneyg2@disqus.com,Female,245.38.87.18
580,Glyn,Mitchener,gmitchenerg3@purevolume.com,Male,22.209.203.64
581,Clive,Riddall,criddallg4@blinklist.com,Male,117.160.88.21
582,Florence,MacGahey,fmacgaheyg5@ed.gov,Female,213.34.23.105
583,Parker,Grisewood,pgrisewoodg6@slate.com,Male,106.95.75.210
584,Lainey,Bircher,lbircherg7@youtube.com,Female,231.133.90.194
585,Stacy,Borland,sborlandg8@nih.gov,Male,84.104.157.217
586,North,Traviss,ntravissg9@ox.ac.uk,Male,113.8.92.114
587,Ellerey,Wiggall,ewiggallga@shinystat.com,Male,218.183.43.187
588,Jeramie,Boycott,jboycottgb@sciencedaily.com,Male,56.47.53.110
589,Florance,Battson,fbattsongc@edublogs.org,Female,122.205.229.124
590,Rosabella,Madle,rmadlegd@youtube.com,Female,88.174.24.120
591,Kirby,Braundt,kbraundtge@answers.com,Male,122.38.123.104
592,Addy,Glander,aglandergf@comcast.net,Male,55.45.157.126
593,Ibby,Roswarn,iroswarngg@odnoklassniki.ru,Female,245.60.10.107
594,Boote,Illidge,billidgegh@facebook.com,Male,17.127.65.158
595,Irma,MacKean,imackeangi@com.com,Female,174.10.237.181
596,Anatollo,Bennetto,abennettogj@cbslocal.com,Male,248.53.250.110
597,Karee,Tander,ktandergk@examiner.com,Female,84.174.49.124
598,Arch,Iacavone,aiacavonegl@meetup.com,Male,195.11.57.105
599,Hurlee,Toppin,htoppingm@ebay.com,Male,27.166.44.90
600,Rosabella,Leng,rlenggn@google.com,Female,222.59.109.114
601,Wain,Frankema,wfrankemago@qq.com,Male,218.158.189.250
602,Parke,Seeds,pseedsgp@newyorker.com,Male,64.242.122.187
603,Raymund,Giovanazzi,rgiovanazzigq@bloglines.com,Male,13.116.75.39
604,Ross,Handke,rhandkegr@eventbrite.com,Male,54.210.204.226
605,Prue,Stirland,pstirlandgs@accuweather.com,Female,135.16.34.153
606,Burg,Pretious,bpretiousgt@wisc.edu,Male,90.126.152.192
607,Donnie,Popplestone,dpopplestonegu@twitter.com,Male,196.114.241.221
608,Merrilee,McGeachie,mmcgeachiegv@unicef.org,Female,212.189.120.200
609,Broderick,Godfery,bgodferygw@smh.com.au,Male,109.126.76.91
610,Chadd,McCafferky,cmccafferkygx@liveinternet.ru,Male,70.136.71.205
611,Whittaker,Reignolds,wreignoldsgy@usnews.com,Male,107.139.95.50
612,Byrann,Eede,beedegz@census.gov,Male,193.140.66.180
613,Nicolai,Duxbury,nduxburyh0@cisco.com,Male,242.42.205.162
614,Guthrey,Willarton,gwillartonh1@sina.com.cn,Male,8.59.117.210
615,Rebbecca,Gauch,rgauchh2@google.ru,Female,57.107.5.243
616,Breanne,Keppy,bkeppyh3@washington.edu,Female,74.128.237.137
617,Renell,Farnfield,rfarnfieldh4@t.co,Female,109.146.254.163
618,Ashlee,Caulliere,acaulliereh5@goo.ne.jp,Female,121.155.181.120
619,Daryn,Enders,dendersh6@gov.uk,Female,177.70.84.96
620,Fancy,Aland,falandh7@comcast.net,Female,248.19.190.211
621,Erinn,Ormistone,eormistoneh8@comsenz.com,Female,242.180.6.227
622,Bertha,Gerrie,bgerrieh9@macromedia.com,Female,115.143.120.77
623,Courtney,Sarney,csarneyha@trellian.com,Female,15.7.251.171
624,Jeri,Cousans,jcousanshb@biblegateway.com,Female,116.232.166.171
625,Anderson,de Grey,adegreyhc@salon.com,Male,16.114.2.76
626,Karoly,Byforth,kbyforthhd@salon.com,Male,50.209.194.202
627,Correy,Dunguy,cdunguyhe@blog.com,Female,203.180.234.153
628,Carlyle,Kent,ckenthf@blog.com,Male,80.236.189.108
629,Garland,Halewood,ghalewoodhg@who.int,Female,201.35.113.118
630,Jordain,Buscher,jbuscherhh@mtv.com,Female,51.164.166.97
631,Noami,Begley,nbegleyhi@ft.com,Female,164.241.102.192
632,Lurline,Pauel,lpauelhj@noaa.gov,Female,205.172.116.8
633,Peter,Christofle,pchristoflehk@craigslist.org,Male,204.80.182.50
634,Wallis,Parslow,wparslowhl@free.fr,Male,8.148.78.200
635,Etienne,Porkiss,eporkisshm@geocities.com,Male,156.72.17.71
636,Kim,Fricker,kfrickerhn@1und1.de,Male,52.6.132.201
637,Hagen,Dyers,hdyersho@sciencedirect.com,Male,60.245.159.187
638,Timotheus,Knutton,tknuttonhp@nih.gov,Male,204.43.239.176
639,Reggie,Mainwaring,rmainwaringhq@meetup.com,Male,246.101.62.190
640,Engelbert,Angell,eangellhr@bizjournals.com,Male,54.80.233.143
641,Leicester,Paulusch,lpauluschhs@imageshack.us,Male,145.150.86.147
642,Delly,Kenryd,dkenrydht@live.com,Female,72.146.155.176
643,Emmerich,Reggler,eregglerhu@ning.com,Male,136.142.212.252
644,Yolanda,MacHostie,ymachostiehv@webmd.com,Female,87.88.218.137
645,Thorin,Caustick,tcaustickhw@moonfruit.com,Male,199.55.66.74
646,Nannette,Kirkham,nkirkhamhx@xinhuanet.com,Female,255.126.213.46
647,Egor,Baraclough,ebaracloughhy@cbc.ca,Male,5.18.111.84
648,Bail,Whitehouse,bwhitehousehz@eepurl.com,Male,83.71.9.28
649,Gwendolin,de Mendoza,gdemendozai0@disqus.com,Female,144.32.251.40
650,Celinda,Icke,cickei1@mashable.com,Female,4.177.196.162
651,Wolfie,Mossbee,wmossbeei2@qq.com,Male,48.196.172.189
652,Anderson,Robens,arobensi3@google.nl,Male,175.232.212.249
653,Connie,Rice,cricei4@hatena.ne.jp,Male,68.105.56.53
654,Benoit,Catanheira,bcatanheirai5@artisteer.com,Male,16.71.237.154
655,Milicent,Dallywater,mdallywateri6@sbwire.com,Female,110.192.137.210
656,Georges,Shutt,gshutti7@macromedia.com,Male,52.164.54.56
657,Georgi,Wardhaw,gwardhawi8@g.co,Male,153.53.199.55
658,Dionne,Padden,dpaddeni9@jugem.jp,Female,149.206.70.188
659,Tailor,Galer,tgaleria@blogspot.com,Male,131.178.41.104
660,Hertha,Halewood,hhalewoodib@go.com,Female,184.106.22.50
661,Birk,Sparshatt,bsparshattic@istockphoto.com,Male,62.64.225.7
662,Alicia,Fetherston,afetherstonid@1688.com,Female,72.136.229.244
663,Kikelia,Coper,kcoperie@psu.edu,Female,162.238.77.44
664,Evaleen,Orrocks,eorrocksif@networkadvertising.org,Female,121.104.95.148
665,Andy,Dockwra,adockwraig@tiny.cc,Female,187.84.26.84
666,Gregory,Parish,gparishih@time.com,Male,111.65.167.80
667,Huntley,Leyshon,hleyshonii@opensource.org,Male,251.43.34.220
668,Jeramey,Perritt,jperrittij@acquirethisname.com,Male,129.189.157.133
669,Stan,Gribbins,sgribbinsik@mozilla.org,Male,144.81.10.73
670,Leola,Dahler,ldahleril@irs.gov,Female,25.82.46.74
671,Florina,Garr,fgarrim@jimdo.com,Female,8.43.53.122
672,Lucas,McBrier,lmcbrierin@simplemachines.org,Male,116.128.103.56
673,Carlos,Villaron,cvillaronio@sbwire.com,Male,76.226.241.210
674,Raeann,Lidyard,rlidyardip@amazon.co.uk,Female,186.95.60.198
675,Albina,Trevillion,atrevillioniq@nyu.edu,Female,5.20.191.15
676,Lilllie,Carnie,lcarnieir@posterous.com,Female,22.245.84.95
677,Geordie,Custance,gcustanceis@nature.com,Male,152.175.112.110
678,Halsy,Saunier,hsaunierit@ning.com,Male,111.31.51.17
679,Marie-ann,Allanby,mallanbyiu@ftc.gov,Female,63.159.153.73
680,Fredra,Slowey,fsloweyiv@yandex.ru,Female,117.139.207.35
681,Dana,Yukhnov,dyukhnoviw@biblegateway.com,Male,212.19.221.52
682,Darsie,Gerriets,dgerrietsix@ucoz.ru,Female,187.114.245.36
683,Sylas,Murkus,smurkusiy@simplemachines.org,Male,4.192.143.60
684,Heidi,Creagh,hcreaghiz@last.fm,Female,72.66.97.19
685,Florence,McTurlough,fmcturloughj0@usa.gov,Female,199.126.10.147
686,Muriel,Huffey,mhuffeyj1@tmall.com,Female,150.224.11.245
687,Dianna,Oleshunin,doleshuninj2@mashable.com,Female,80.247.252.100
688,Stewart,Hillburn,shillburnj3@yahoo.co.jp,Male,159.61.122.98
689,Britt,Stenner,bstennerj4@oaic.gov.au,Female,225.32.151.180
690,Iorgos,Witten,iwittenj5@berkeley.edu,Male,11.6.230.168
691,Kim,MacFarlane,kmacfarlanej6@mediafire.com,Male,120.125.115.123
692,Alina,Nijssen,anijssenj7@webnode.com,Female,232.150.36.146
693,Merrick,La Torre,mlatorrej8@jigsy.com,Male,129.207.207.173
694,Melantha,Ghidoli,mghidolij9@myspace.com,Female,31.92.66.166
695,Jaquenette,O' Culligan,joculliganja@bloomberg.com,Female,148.236.219.18
696,Colver,Celez,ccelezjb@pen.io,Male,83.193.12.222
697,Harald,Lilleman,hlillemanjc@oracle.com,Male,203.76.242.34
698,Sutherlan,Agg,saggjd@hostgator.com,Male,57.86.2.22
699,Wilow,Creaney,wcreaneyje@gravatar.com,Female,13.59.19.20
700,Marshall,Sedgemore,msedgemorejf@studiopress.com,Male,21.222.204.30
701,Enid,Rockhall,erockhalljg@biglobe.ne.jp,Female,227.74.178.62
702,Roderick,Nelligan,rnelliganjh@stanford.edu,Male,75.106.156.219
703,Mikol,Berryann,mberryannji@ycombinator.com,Male,118.190.32.73
704,Winn,Novak,wnovakjj@google.pl,Male,206.77.68.143
705,Cristine,Carnachen,ccarnachenjk@bloglovin.com,Female,175.161.153.160
706,Gisele,Bolderoe,gbolderoejl@dot.gov,Female,176.234.151.189
707,Jodie,Cyples,jcyplesjm@time.com,Male,246.221.207.13
708,Guilbert,Linzee,glinzeejn@csmonitor.com,Male,74.226.138.61
709,Vaughan,Escot,vescotjo@domainmarket.com,Male,209.30.134.249
710,Mitchell,Boyer,mboyerjp@usa.gov,Male,242.240.216.114
711,Cale,Pendergrast,cpendergrastjq@spotify.com,Male,190.105.148.183
712,Basile,Glenny,bglennyjr@timesonline.co.uk,Male,98.55.40.244
713,Amos,Pina,apinajs@bigcartel.com,Male,53.96.219.49
714,Shalne,Kerswill,skerswilljt@php.net,Female,241.179.22.128
715,Wini,Andrysiak,wandrysiakju@mlb.com,Female,39.169.238.155
716,Chickie,Dornan,cdornanjv@feedburner.com,Female,73.111.84.65
717,Geoffrey,Newport,gnewportjw@unesco.org,Male,158.13.180.220
718,Elisabet,Minshaw,eminshawjx@army.mil,Female,137.117.142.26
719,Sara,Python,spythonjy@facebook.com,Female,154.81.25.30
720,Berkeley,Pretsel,bpretseljz@nydailynews.com,Male,183.191.77.183
721,Nickey,Stower,nstowerk0@microsoft.com,Male,252.87.110.195
722,Pearl,Jemmett,pjemmettk1@mayoclinic.com,Female,172.136.24.36
723,Rosene,Ostrich,rostrichk2@nydailynews.com,Female,111.197.22.252
724,Von,Hubbart,vhubbartk3@yellowpages.com,Male,123.74.145.117
725,Sydney,Kasbye,skasbyek4@answers.com,Male,33.134.189.162
726,Douglass,Durnan,ddurnank5@fema.gov,Male,34.198.215.83
727,Balduin,Lampens,blampensk6@ft.com,Male,73.252.152.196
728,Kore,Osborne,kosbornek7@furl.net,Female,15.17.226.15
729,Sutton,Prescott,sprescottk8@cnbc.com,Male,183.232.177.50
730,Kenny,Hubane,khubanek9@mlb.com,Male,40.73.181.105
731,Dyane,Capner,dcapnerka@google.com.au,Female,100.141.244.104
732,Honey,Culley,hculleykb@biblegateway.com,Female,17.226.254.186
733,Chelsie,Golledge,cgolledgekc@flavors.me,Female,97.30.134.157
734,Boot,Karran,bkarrankd@hatena.ne.jp,Male,213.73.57.58
735,Mickey,Heritege,mheritegeke@delicious.com,Male,202.71.210.247
736,Clemmy,Zavattari,czavattarikf@springer.com,Male,239.226.63.210
737,Cooper,Suttle,csuttlekg@cafepress.com,Male,84.187.129.121
738,Elliott,Orwin,eorwinkh@scientificamerican.com,Male,216.97.24.219
739,Kevon,Swinburne,kswinburneki@hatena.ne.jp,Male,119.49.46.84
740,Fedora,Showte,fshowtekj@businesswire.com,Female,209.217.151.30
741,Ambur,Vasyatkin,avasyatkinkk@earthlink.net,Female,28.69.74.36
742,Roby,Moppett,rmoppettkl@icio.us,Female,176.1.197.100
743,Terese,Blondelle,tblondellekm@pcworld.com,Female,186.245.28.115
744,Ram,Sobieski,rsobieskikn@ucoz.ru,Male,165.210.163.43
745,Georgetta,Frankcombe,gfrankcombeko@blogspot.com,Female,35.53.84.156
746,Felic,Lortzing,flortzingkp@noaa.gov,Male,227.101.230.132
747,Shalom,Dunsire,sdunsirekq@topsy.com,Male,38.180.79.106
748,Derwin,Lemmers,dlemmerskr@icio.us,Male,41.225.58.157
749,Taylor,Side,tsideks@edublogs.org,Male,129.139.224.78
750,Roseline,Magovern,rmagovernkt@so-net.ne.jp,Female,235.56.179.50
751,Andres,Roddell,aroddellku@smugmug.com,Male,87.135.85.185
752,Ashien,Killerby,akillerbykv@scribd.com,Female,19.251.8.182
753,Fredek,Rosengart,frosengartkw@netlog.com,Male,213.166.193.146
754,Julie,Kale,jkalekx@wikia.com,Female,254.146.118.245
755,Birgit,Pudden,bpuddenky@mail.ru,Female,43.152.191.0
756,Rawley,Gallifont,rgallifontkz@apache.org,Male,125.149.41.217
757,Penrod,Digger,pdiggerl0@nature.com,Male,78.223.40.98
758,Fancie,Hallagan,fhallaganl1@merriam-webster.com,Female,121.5.90.211
759,Leah,Penvarden,lpenvardenl2@squarespace.com,Female,224.184.200.127
760,Stanfield,Ellicott,sellicottl3@webs.com,Male,164.138.99.185
761,Erastus,Hymer,ehymerl4@marriott.com,Male,141.240.239.35
762,Caleb,Johnston,cjohnstonl5@cyberchimps.com,Male,81.140.253.16
763,Hamlin,Lanon,hlanonl6@histats.com,Male,121.35.184.64
764,Berne,Dews,bdewsl7@ocn.ne.jp,Male,81.137.195.154
765,Wesley,Eastope,weastopel8@uiuc.edu,Male,159.154.45.239
766,Axe,Kasparski,akasparskil9@about.me,Male,157.29.115.89
767,Ware,De Winton,wdewintonla@webeden.co.uk,Male,252.206.96.193
768,Farica,Peaurt,fpeaurtlb@example.com,Female,4.0.85.105
769,Christiano,Rollingson,crollingsonlc@privacy.gov.au,Male,216.74.129.125
770,Charissa,Rix,crixld@seesaa.net,Female,117.105.52.252
771,Teddie,Guillon,tguillonle@oakley.com,Male,220.43.237.179
772,Ethelda,Elmes,eelmeslf@prlog.org,Female,159.247.25.50
773,Lyell,Petrello,lpetrellolg@ezinearticles.com,Male,8.144.39.34
774,Binny,Wixon,bwixonlh@amazon.co.jp,Female,181.162.178.115
775,Claybourne,Skewis,cskewisli@networksolutions.com,Male,72.219.109.129
776,Birgitta,Skechley,bskechleylj@posterous.com,Female,79.182.237.38
777,Artur,Pennock,apennocklk@wufoo.com,Male,193.37.250.138
778,Toby,Sporgeon,tsporgeonll@icio.us,Female,29.37.101.183
779,Calida,Bolmann,cbolmannlm@epa.gov,Female,32.175.22.155
780,Fiann,Norbury,fnorburyln@home.pl,Female,214.214.229.39
781,Tomaso,Phoebe,tphoebelo@discovery.com,Male,56.187.206.87
782,Hamid,Barthropp,hbarthropplp@sakura.ne.jp,Male,186.160.28.202
783,Carlin,Wittier,cwittierlq@sourceforge.net,Female,7.70.203.53
784,Emile,Cattel,ecattellr@ocn.ne.jp,Male,160.151.172.199
785,Meryl,Walcar,mwalcarls@163.com,Female,89.156.122.74
786,Cal,Fawdrie,cfawdrielt@blinklist.com,Male,126.43.97.50
787,Arabele,Blade,abladelu@wikia.com,Female,82.153.160.74
788,Andras,Scales,ascaleslv@friendfeed.com,Male,53.221.58.228
789,Malina,Boots,mbootslw@ucla.edu,Female,75.21.21.14
790,Thia,Chesterton,tchestertonlx@bravesites.com,Female,149.98.128.101
791,Edouard,Nerheny,enerhenyly@marriott.com,Male,83.45.136.247
792,Janeva,Santore,jsantorelz@census.gov,Female,21.220.208.62
793,Nikki,Burling,nburlingm0@indiegogo.com,Female,165.66.208.146
794,Zondra,Samwayes,zsamwayesm1@google.fr,Female,178.201.214.120
795,Patric,Inett,pinettm2@ucoz.com,Male,72.134.251.157
796,Fowler,Daton,fdatonm3@unesco.org,Male,128.18.159.83
797,Mersey,Gartan,mgartanm4@umich.edu,Female,151.200.136.199
798,Mitchell,Victor,mvictorm5@omniture.com,Male,164.254.236.183
799,Kay,Ashfold,kashfoldm6@behance.net,Female,243.246.237.41
800,Neale,Gives,ngivesm7@addtoany.com,Male,219.150.2.83
801,Fernande,Bilovus,fbilovusm8@over-blog.com,Female,171.23.219.66
802,Colline,Brazer,cbrazerm9@time.com,Female,44.72.84.111
803,Felic,MacPaike,fmacpaikema@baidu.com,Male,32.187.162.183
804,Teri,Oswick,toswickmb@tuttocitta.it,Female,146.230.199.246
805,Kimble,Pippin,kpippinmc@netvibes.com,Male,5.248.236.184
806,Rogerio,Targetter,rtargettermd@reddit.com,Male,66.96.227.247
807,Roderigo,Ungerecht,rungerechtme@ca.gov,Male,116.70.105.214
808,Marga,Ferencz,mferenczmf@prnewswire.com,Female,105.106.191.66
809,Fran,Odlin,fodlinmg@php.net,Male,164.84.139.197
810,Marty,Harriott,mharriottmh@rediff.com,Female,145.223.82.110
811,Gillie,Ivanaev,givanaevmi@irs.gov,Female,199.211.28.95
812,Lincoln,Garnam,lgarnammj@nba.com,Male,233.152.147.224
813,Cher,Raisher,craishermk@ebay.com,Female,248.250.147.206
814,Georgianna,Southern,gsouthernml@google.pl,Female,133.95.132.57
815,Cchaddie,Ourtic,courticmm@freewebs.com,Male,104.70.29.163
816,Rosana,Kummerlowe,rkummerlowemn@tripadvisor.com,Female,232.60.130.64
817,Oren,Rijkeseis,orijkeseismo@nbcnews.com,Male,242.120.165.76
818,Wilmette,Faithorn,wfaithornmp@fastcompany.com,Female,96.201.170.207
819,Judas,Ludwig,jludwigmq@spotify.com,Male,121.160.250.220
820,Horatius,Marcam,hmarcammr@sitemeter.com,Male,255.209.22.119
821,Dougie,Leathe,dleathems@booking.com,Male,112.191.141.198
822,Liesa,Matushevich,lmatushevichmt@newsvine.com,Female,15.30.216.77
823,Ken,Jurek,kjurekmu@shutterfly.com,Male,37.69.112.145
824,Pip,Favel,pfavelmv@joomla.org,Male,105.174.75.229
825,Daron,Libbie,dlibbiemw@live.com,Male,51.133.12.53
826,Stephen,Hrynczyk,shrynczykmx@chron.com,Male,131.202.201.162
827,Hermie,Nevet,hnevetmy@nature.com,Male,84.100.183.47
828,Mirna,MacNair,mmacnairmz@linkedin.com,Female,230.44.76.0
829,Codi,Boulstridge,cboulstridgen0@nytimes.com,Female,38.175.41.63
830,Eb,Pankhurst.,epankhurstn1@prlog.org,Male,24.36.149.71
831,Travers,Brewster,tbrewstern2@ca.gov,Male,216.141.111.230
832,Reggis,Morson,rmorsonn3@cam.ac.uk,Male,238.137.211.50
833,Hogan,Mcwhinney,hmcwhinneyn4@wikipedia.org,Male,255.94.183.59
834,Thornie,Claxson,tclaxsonn5@apache.org,Male,64.5.31.255
835,Dale,Cracie,dcracien6@reverbnation.com,Female,181.13.117.77
836,Darwin,Exter,dextern7@dedecms.com,Male,87.148.130.60
837,Theo,Darling,tdarlingn8@businesswire.com,Male,80.185.77.136
838,Morlee,Renyard,mrenyardn9@wunderground.com,Male,106.149.190.127
839,Tommie,Freeborne,tfreebornena@tripod.com,Female,166.175.165.141
840,Charles,McCleod,cmccleodnb@networksolutions.com,Male,224.87.246.60
841,Murial,Kenewell,mkenewellnc@japanpost.jp,Female,190.130.29.197
842,Kele,Coviello,kcoviellond@woothemes.com,Male,165.183.106.145
843,Gilemette,Kopisch,gkopischne@ycombinator.com,Female,81.198.187.221
844,Berke,Borit,bboritnf@seattletimes.com,Male,15.234.210.142
845,Tawsha,Picken,tpickenng@nbcnews.com,Female,148.87.83.104
846,Hoyt,Izkovici,hizkovicinh@digg.com,Male,33.204.114.154
847,Jarrid,Mendenhall,jmendenhallni@tuttocitta.it,Male,122.205.116.82
848,Bibbie,Cullnean,bcullneannj@abc.net.au,Female,178.167.143.170
849,Beau,Sivess,bsivessnk@free.fr,Male,134.11.246.43
850,Aube,Carbett,acarbettnl@nps.gov,Male,155.46.12.231
851,Morton,McIlvaney,mmcilvaneynm@seesaa.net,Male,46.181.127.93
852,Charlie,Dufaire,cdufairenn@amazon.co.uk,Male,40.232.168.189
853,Anstice,Scutter,ascutterno@behance.net,Female,137.74.212.105
854,Madelle,Chardin,mchardinnp@forbes.com,Female,153.185.237.30
855,Freddie,Scad,fscadnq@yahoo.com,Male,203.80.208.213
856,Nappie,De La Haye,ndelahayenr@msn.com,Male,238.39.196.133
857,Stoddard,Alstead,salsteadns@bloglines.com,Female,76.113.189.80
858,Frederic,Ebbage,febbagent@wunderground.com,Male,161.202.155.171
859,Rafaello,Guyot,rguyotnu@chicagotribune.com,Male,200.114.21.178
860,Veronique,Norwich,vnorwichnv@exblog.jp,Female,186.198.91.102
861,Chris,Woolgar,cwoolgarnw@intel.com,Female,234.19.89.70
862,Romona,Scannell,rscannellnx@fastcompany.com,Female,144.173.231.147
863,Hamilton,Siemianowicz,hsiemianowiczny@google.co.jp,Male,69.183.35.99
864,Barnard,Van der Kruys,bvanderkruysnz@vistaprint.com,Male,72.161.178.17
865,Lavinie,Younglove,lyoungloveo0@census.gov,Female,249.243.149.96
866,Edvard,Whitehurst,ewhitehursto1@npr.org,Male,216.44.217.200
867,Eryn,Syseland,esyselando2@salon.com,Female,58.189.127.16
868,Hoyt,Everiss,heverisso3@alibaba.com,Male,76.103.128.5
869,Sherilyn,Bibey,sbibeyo4@cloudflare.com,Female,252.129.8.107
870,Eduino,Backhurst,ebackhursto5@freewebs.com,Male,215.140.10.84
871,Lombard,Cormode,lcormodeo6@biglobe.ne.jp,Male,0.244.18.13
872,Bernhard,Harriday,bharridayo7@usgs.gov,Male,187.6.160.121
873,Marti,Forgie,mforgieo8@nsw.gov.au,Female,47.110.254.2
874,Darren,Bleeze,dbleezeo9@shop-pro.jp,Male,225.222.130.189
875,Javier,Syddie,jsyddieoa@desdev.cn,Male,230.88.147.116
876,Enoch,Scarlon,escarlonob@geocities.com,Male,100.203.53.18
877,Jed,Tripon,jtriponoc@wikimedia.org,Male,100.70.156.186
878,Bogey,Manson,bmansonod@vkontakte.ru,Male,88.79.132.142
879,Laraine,Cornil,lcorniloe@marketwatch.com,Female,82.54.49.159
880,Evangelina,Wathall,ewathallof@mozilla.org,Female,84.85.202.109
881,Sascha,Langsdon,slangsdonog@plala.or.jp,Male,104.134.170.124
882,Ester,Haborn,ehabornoh@xinhuanet.com,Female,200.116.112.174
883,Stevy,Lys,slysoi@t.co,Male,212.157.133.47
884,Margaretta,Goggin,mgogginoj@com.com,Female,198.238.229.203
885,Chastity,Forsdicke,cforsdickeok@diigo.com,Female,96.144.248.153
886,Mathe,Bryan,mbryanol@cisco.com,Male,23.218.220.35
887,Powell,Rubee,prubeeom@weibo.com,Male,168.195.143.232
888,Ced,Pepis,cpepison@whitehouse.gov,Male,79.153.15.140
889,Pippa,Dignall,pdignalloo@myspace.com,Female,245.31.189.103
890,Jermain,Garrard,jgarrardop@fda.gov,Male,124.229.237.192
891,Trenna,Irlam,tirlamoq@bluehost.com,Female,37.100.33.105
892,Ingamar,Whithorn,iwhithornor@paginegialle.it,Male,41.16.38.76
893,Jany,Vasilchikov,jvasilchikovos@chron.com,Female,244.212.67.144
894,Beniamino,Falck,bfalckot@mashable.com,Male,43.187.249.91
895,Ronica,McAree,rmcareeou@eventbrite.com,Female,56.99.5.115
896,Jo ann,Lenden,jlendenov@mozilla.com,Female,161.94.117.126
897,Letitia,Shackell,lshackellow@bbb.org,Female,218.197.59.136
898,Liane,Hubach,lhubachox@usda.gov,Female,22.221.252.179
899,Claudius,Jurick,cjurickoy@miitbeian.gov.cn,Male,1.59.130.135
900,Clarinda,Greatland,cgreatlandoz@yellowbook.com,Female,88.248.76.159
901,Revkah,Louisot,rlouisotp0@ehow.com,Female,209.62.173.123
902,Marlow,Gunnell,mgunnellp1@toplist.cz,Male,112.234.74.195
903,Maribeth,Eberle,meberlep2@sogou.com,Female,176.45.75.255
904,Elysha,Bewshire,ebewshirep3@ed.gov,Female,164.48.166.170
905,Conny,Pyrah,cpyrahp4@oaic.gov.au,Male,248.240.49.59
906,Reynold,Winterbotham,rwinterbothamp5@fema.gov,Male,180.168.76.241
907,Casi,Bullerwell,cbullerwellp6@washingtonpost.com,Female,75.46.134.136
908,Elora,Thundercliffe,ethundercliffep7@buzzfeed.com,Female,171.58.115.27
909,Redford,Hitter,rhitterp8@acquirethisname.com,Male,27.45.219.238
910,Riley,Woodruff,rwoodruffp9@ocn.ne.jp,Male,23.2.184.37
911,Flossi,Manning,fmanningpa@umn.edu,Female,233.245.97.243
912,Elwood,Milton-White,emiltonwhitepb@ameblo.jp,Male,94.153.160.67
913,Bev,Reolfi,breolfipc@ow.ly,Female,39.246.150.171
914,Truda,Carnoghan,tcarnoghanpd@prlog.org,Female,233.98.172.131
915,Nessa,Gullane,ngullanepe@drupal.org,Female,138.81.231.242
916,Pasquale,Heindle,pheindlepf@google.ru,Male,22.224.73.155
917,Bunni,Harroll,bharrollpg@abc.net.au,Female,146.17.180.20
918,Quent,MacDermott,qmacdermottph@bluehost.com,Male,226.115.178.206
919,Lula,Oger,logerpi@hc360.com,Female,9.241.92.118
920,Galen,Burren,gburrenpj@mozilla.com,Male,167.246.249.66
921,Padriac,Dunnan,pdunnanpk@devhub.com,Male,41.116.8.38
922,Mellisent,Jentzsch,mjentzschpl@dmoz.org,Female,171.97.57.217
923,Tucky,Durston,tdurstonpm@springer.com,Male,71.180.105.51
924,Pauline,Elstob,pelstobpn@businessinsider.com,Female,202.197.172.173
925,Stirling,Longland,slonglandpo@posterous.com,Male,86.11.62.171
926,Elie,McRill,emcrillpp@sohu.com,Female,17.3.239.66
927,Chrissie,Bee,cbeepq@hibu.com,Male,24.0.150.123
928,Tommie,Von Hindenburg,tvonhindenburgpr@mit.edu,Female,6.169.6.4
929,Gus,Downs,gdownsps@aol.com,Male,208.57.246.39
930,Kimmie,Abendroth,kabendrothpt@myspace.com,Female,54.172.10.167
931,Damita,Rosenstengel,drosenstengelpu@hostgator.com,Female,213.7.50.155
932,Rosemonde,Carrigan,rcarriganpv@surveymonkey.com,Female,171.255.53.110
933,Brnaby,Casacchia,bcasacchiapw@sakura.ne.jp,Male,215.38.107.221
934,Jareb,Gussin,jgussinpx@nytimes.com,Male,224.14.77.114
935,Vallie,Armor,varmorpy@unicef.org,Female,26.248.133.132
936,Gayleen,Beavon,gbeavonpz@is.gd,Female,50.87.187.90
937,Corbet,Skocroft,cskocroftq0@nasa.gov,Male,86.56.172.32
938,Yorgos,Littleproud,ylittleproudq1@about.com,Male,244.228.17.140
939,Sydney,Gowling,sgowlingq2@nsw.gov.au,Female,41.179.102.243
940,Syman,Tuxell,stuxellq3@ft.com,Male,241.98.187.37
941,Jose,Ricardot,jricardotq4@merriam-webster.com,Male,32.93.247.158
942,Carol,Sichardt,csichardtq5@bloglovin.com,Female,10.171.203.112
943,Ryun,Riggoll,rriggollq6@github.com,Male,235.62.42.100
944,Salomi,Tucker,stuckerq7@geocities.jp,Female,176.98.16.76
945,Rossie,Lumpkin,rlumpkinq8@google.fr,Male,206.51.151.131
946,Courtenay,Bengal,cbengalq9@reference.com,Female,36.28.143.226
947,Linette,Pottberry,lpottberryqa@comcast.net,Female,246.97.125.143
948,Tony,Bushill,tbushillqb@walmart.com,Male,173.193.70.177
949,Cookie,Jeff,cjeffqc@yellowpages.com,Female,6.204.132.141
950,Giulio,Greswell,ggreswellqd@skyrock.com,Male,70.153.10.239
951,Sapphira,Carlisso,scarlissoqe@slate.com,Female,71.73.198.188
952,Evania,O'Cosgra,eocosgraqf@google.fr,Female,144.33.125.255
953,Layla,Kidson,lkidsonqg@bluehost.com,Female,228.186.39.145
954,Randi,Eastcourt,reastcourtqh@nba.com,Male,25.5.250.165
955,Micky,Callingham,mcallinghamqi@issuu.com,Male,161.166.47.170
956,Mohandas,Shewring,mshewringqj@liveinternet.ru,Male,163.212.147.128
957,Pall,McCluney,pmccluneyqk@eepurl.com,Male,198.160.47.15
958,Fran,Osgardby,fosgardbyql@answers.com,Male,110.28.11.189
959,Gabriella,Cattlow,gcattlowqm@umn.edu,Female,116.14.63.165
960,Emogene,Ramsbottom,eramsbottomqn@shutterfly.com,Female,113.141.182.82
961,Gloriane,Dipple,gdippleqo@telegraph.co.uk,Female,209.193.187.54
962,Delaney,Cresar,dcresarqp@prweb.com,Male,232.220.179.84
963,Ado,Flaunier,aflaunierqq@auda.org.au,Male,66.122.182.241
964,Myrtice,Hellin,mhellinqr@odnoklassniki.ru,Female,106.134.58.109
965,Obediah,Skates,oskatesqs@squidoo.com,Male,110.95.24.246
966,Ashlen,Colter,acolterqt@hostgator.com,Female,165.162.60.18
967,Avivah,MacAree,amacareequ@google.ca,Female,212.83.117.203
968,Bartel,Joris,bjorisqv@dyndns.org,Male,102.127.214.12
969,Cesya,Rotge,crotgeqw@hc360.com,Female,118.188.170.10
970,Konstanze,Antognelli,kantognelliqx@google.ru,Female,111.218.216.33
971,Pietra,Haversum,phaversumqy@census.gov,Female,9.154.70.64
972,Morgana,Vasiliev,mvasilievqz@hc360.com,Female,68.140.186.196
973,Rollo,Sweetzer,rsweetzerr0@dell.com,Male,27.171.233.240
974,Mandy,Kalb,mkalbr1@scribd.com,Female,148.120.148.31
975,Kort,Dot,kdotr2@t-online.de,Male,91.25.247.251
976,Antonella,Keats,akeatsr3@house.gov,Female,64.0.194.241
977,De,Evemy,devemyr4@boston.com,Female,215.108.68.30
978,Francene,MacGuffie,fmacguffier5@uol.com.br,Female,242.3.237.174
979,Brinn,Ortell,bortellr6@booking.com,Female,52.246.8.221
980,Rebe,Chasney,rchasneyr7@51.la,Female,162.75.26.36
981,Leonelle,Kondrachenko,lkondrachenkor8@google.pl,Female,93.91.252.134
982,Ode,McCreath,omccreathr9@paypal.com,Male,6.229.48.220
983,Shelly,Marginson,smarginsonra@tumblr.com,Female,16.55.106.53
984,Cully,McMenemy,cmcmenemyrb@wiley.com,Male,171.174.26.247
985,Jeffy,Tibb,jtibbrc@xinhuanet.com,Male,52.220.246.224
986,Charissa,Bushel,cbushelrd@ning.com,Female,4.209.148.92
987,Taddeo,Davey,tdaveyre@hp.com,Male,149.212.129.159
988,Wallache,Orteaux,worteauxrf@ycombinator.com,Male,86.89.68.174
989,Ricky,Jagels,rjagelsrg@dailymotion.com,Female,34.144.129.106
990,Sawyer,Bousquet,sbousquetrh@bigcartel.com,Male,168.83.30.59
991,Siusan,Ing,singri@chicagotribune.com,Female,208.156.193.51
992,Daphne,Spinola,dspinolarj@xrea.com,Female,106.18.125.25
993,Gianna,Bamb,gbambrk@shinystat.com,Female,163.198.223.52
994,Ivett,Jennison,ijennisonrl@live.com,Female,105.1.44.65
995,Arthur,Wittleton,awittletonrm@wikimedia.org,Male,47.181.238.209
996,Calv,Lutzmann,clutzmannrn@washingtonpost.com,Male,29.201.132.173
997,Uriel,Bleacher,ubleacherro@ted.com,Male,236.32.30.104
998,Christophe,Fairfull,cfairfullrp@mysql.com,Male,24.229.173.40
999,Kent,Gluyus,kgluyusrq@storify.com,Male,199.32.64.97
1000,Charlean,Darrigoe,cdarrigoerr@yellowbook.com,Female,124.106.146.127
